{"data":{"UNIQUEOPERANDS":14.870967741935484,"MAINTAINABILITY":38.87432629456688,"ACTIVESTATEMENTS":2531,"PROGRAMVOCABULARY":61.03225806451613,"PROGRAMLENGTH":208.93548387096774,"SLOC":{"PROGRAM_UNRESOLVED":0,"BMS":0,"COBOL_COPY":818,"TRANSACTION":0,"COBOL":7016,"RDBMS_TABLE":0},"DELIVEREDBUGS":1.547471302491866,"TOTALSTATEMENTS":2556,"TOTALOPERANDS":82.45161290322581,"UNIQUEOPERATORS":46.16129032258065,"PROGRAMLEVEL":0.023104100994525135,"EFFORT":627282.7857753661,"TIMETOIMPLEMENT":34849.043654187015,"DEADCODE":1.6763040381905987,"ARTIFACTS":{"PROGRAM_UNRESOLVED":14,"BMS":6,"COBOL_COPY":4,"TRANSACTION":6,"COBOL":36,"RDBMS_TABLE":8},"DIFICULTYLEVEL":163.0483870967742,"TOTALOPERATORS":126.48387096774194,"CYCLOMATIC":12.387096774193548,"PROGRAMVOLUME":1326.9320485824708},"meta":{"name":"GenApp","uuid":"GenApp","snapshot":1721139678}}